ZIP,Geography,Total_Population,Median_Age,Median_Household_Income,Population_65_Plus,Percent_65_Plus,Population_Below_Poverty,Poverty_Rate,Population_Under_65,Uninsured_Under_65,Uninsured_Rate_Under_65
98110,ZCTA5 98110,24681,49.5,151290,6743,27.32,721,2.92,17872,572,2.32
98310,ZCTA5 98310,21692,36.6,68247,3643,16.79,2763,12.74,17173,2026,9.34
98311,ZCTA5 98311,27527,36.4,95595,5170,18.78,1923,6.99,20946,1491,5.42
98312,ZCTA5 98312,32288,36.6,78664,5232,16.2,3666,11.35,25945,1558,4.83
98314,ZCTA5 98314,1565,22.1,204250,0,0.0,21,1.34,99,0,0.0
98315,ZCTA5 98315,6045,22.8,76806,12,0.2,114,1.89,2630,14,0.23
98329,ZCTA5 98329,11223,42.3,103750,2210,19.69,519,4.62,8952,168,1.5
98337,ZCTA5 98337,8785,33.3,69188,852,9.7,1002,11.41,6158,586,6.67
98340,ZCTA5 98340,2692,68.3,95106,1571,58.36,44,1.63,1121,132,4.9
98342,ZCTA5 98342,1362,53.7,90139,408,29.96,116,8.52,952,76,5.58
98346,ZCTA5 98346,9973,50.1,106038,2539,25.46,763,7.65,7429,436,4.37
98359,ZCTA5 98359,4889,43.6,90858,1069,21.87,599,12.25,3788,205,4.19
98366,ZCTA5 98366,37437,38.2,85630,6099,16.29,4309,11.51,30069,2030,5.42
98367,ZCTA5 98367,31186,41.6,100428,4956,15.89,2137,6.85,25629,1260,4.04
98370,ZCTA5 98370,32862,44.9,103323,7095,21.59,2029,6.17,25043,952,2.9
98380,ZCTA5 98380,5582,41.9,108895,1042,18.67,418,7.49,4372,219,3.92
98383,ZCTA5 98383,22764,38.2,105580,4119,18.09,1176,5.17,16894,1452,6.38
98392,ZCTA5 98392,3203,45.8,80673,784,24.48,280,8.74,2392,193,6.03
